Name,Team,W,L,SV,G,GS,IP,K/9,BB/9,HR/9,BABIP,LOB%,GB%,HR/FB,ERA,FIP,xFIP,WAR,playerid
Josh Hader,Brewers,0,0,5,5,0,7.2,15.26,1.17,0,0.091,100.00%,27.30%,0.00%,0,0.01,1.87,0.8,14212
J.B. Wendelken,Athletics,0,0,0,6,0,10.1,11.32,0,0,0.24,50.00%,44.00%,0.00%,1.74,0.49,2.22,0.4,14506
Ty Buttrey,Angels,0,0,0,6,0,5.2,14.29,0,0,0.417,100.00%,58.30%,0.00%,0,-0.17,0.46,0.4,14719
Craig Stammen,Padres,0,0,0,6,0,7.1,8.59,0,0,0.263,80.00%,57.90%,0.00%,1.23,1.1,2.31,0.4,7274
Kirby Yates,Padres,0,0,6,7,0,7,14.14,2.57,0,0.286,85.70%,50.00%,0.00%,1.29,1.15,2.42,0.4,9073
Kenley Jansen,Dodgers,0,0,4,5,0,5.1,10.13,1.69,0,0.167,66.70%,36.40%,0.00%,0,1.32,2.66,0.3,3096
Adam Ottavino,Yankees,1,1,0,6,0,7,14.14,5.14,0,0.154,83.30%,46.20%,0.00%,1.29,1.58,2.85,0.3,1247
Matt Barnes,Red Sox,1,0,1,3,0,4.1,12.46,0,0,0.125,100.00%,75.00%,0.00%,0,0.24,0.65,0.3,12863
Diego Castillo,Rays,0,0,1,6,0,7,9,1.29,0,0.143,100.00%,61.50%,0.00%,0,1.43,2.2,0.3,17496
Roenis Elias,Mariners,1,0,1,7,0,8.2,9.35,2.08,0,0.143,60.00%,33.30%,0.00%,2.08,1.62,3.47,0.3,12673
Lou Trivino,Athletics,0,0,0,8,0,8,11.25,1.13,1.13,0.125,76.90%,41.20%,10.00%,2.25,2.51,3.11,0.3,15043
Shane Greene,Tigers,0,0,7,7,0,7,7.71,1.29,0,0.118,100.00%,47.10%,0.00%,0,2.15,3.93,0.3,10756
Ken Giles,Blue Jays,0,0,2,5,0,4.2,15.43,0,0,0.25,100.00%,62.50%,0.00%,0,-0.42,0.72,0.3,12910
Roberto Osuna,Astros,1,0,3,5,0,5,9,0,0,0.167,50.00%,16.70%,0.00%,1.8,1.01,3.51,0.3,13764
Brad Hand,Indians,0,0,4,5,0,5.1,13.5,3.38,0,0.364,85.70%,9.10%,0.00%,1.69,1.69,4.04,0.3,9111
Aroldis Chapman,Yankees,0,1,2,5,0,5,12.6,1.8,0,0.429,71.40%,50.00%,0.00%,3.6,0.81,1.88,0.3,10233
Sean Doolittle,Nationals,2,0,0,4,0,4.1,8.31,0,0,0.308,100.00%,15.40%,0.00%,0,1.16,5.28,0.2,1581
Nick Burdi,Pirates,0,1,0,5,0,3.2,19.64,2.45,0,0.571,40.00%,42.90%,0.00%,7.36,-0.54,0.43,0.2,16074
Jonathan Holder,Yankees,0,0,0,3,0,5.2,7.94,0,0,0.316,42.90%,52.60%,0.00%,4.76,1.77,3.35,0.2,16588
Dylan Floro,Dodgers,1,0,0,6,0,7.1,4.91,0,0,0.28,100.00%,39.10%,0.00%,0,1.91,3.86,0.2,13394
Blake Treinen,Athletics,0,1,3,6,0,8,10.13,6.75,0,0.222,90.00%,35.30%,0.00%,1.13,3.01,4.79,0.2,12572
Felipe Vazquez,Pirates,0,0,2,4,0,4,15.75,2.25,0,0.3,75.00%,40.00%,0.00%,0,0.26,2.04,0.2,12076
Jordan Hicks,Cardinals,1,1,2,5,0,5.2,12.71,4.76,0,0.273,66.70%,54.50%,0.00%,3.18,1.77,2.72,0.2,19618
Nick Anderson,Marlins,0,0,0,5,0,4.1,20.77,2.08,0,0.625,83.30%,14.30%,0.00%,2.08,-0.92,-0.51,0.2,18337
Greg Holland,Diamondbacks,1,0,2,3,0,3,12,0,0,0.167,100.00%,50.00%,0.00%,0,0.34,2.12,0.2,7196
Sam Dyson,Giants,0,0,0,5,0,6.2,6.75,1.35,0,0.25,66.70%,68.80%,0.00%,1.35,1.96,2.49,0.2,11710
Amir Garrett,Reds,0,0,0,5,0,4.1,12.46,2.08,0,0.333,100.00%,33.30%,0.00%,0,0.93,2.58,0.2,14375
Jose Alvarado,Rays,0,0,4,6,0,6,15,4.5,0,0.333,100.00%,66.70%,0.00%,0,1.17,2.36,0.2,17780
Adam Morgan,Phillies,1,0,0,6,0,5,7.2,0,0,0.154,100.00%,53.80%,0.00%,0,1.41,2.83,0.2,12580
Jose Quintana,Cubs,0,0,0,1,0,4,18,6.75,0,0.556,75.00%,55.60%,0.00%,0,1.26,2.15,0.2,11423
Brandon Brennan,Mariners,0,0,0,5,0,6.2,9.45,1.35,0,0.267,100.00%,73.30%,0.00%,0,1.36,1.62,0.2,13527
Jalen Beeks,Rays,0,0,0,4,0,7,7.71,2.57,0,0.333,77.80%,31.60%,0.00%,2.57,2.15,3.68,0.2,17192
Trevor Hildenberger,Twins,1,0,0,4,0,3,15,0,0,0.333,100.00%,16.70%,0.00%,0,0.67,2.46,0.2,17002
John Brebbia,Cardinals,0,0,0,4,0,6.1,9.95,2.84,0,0.143,100.00%,35.70%,0.00%,0,1.74,3.43,0.2,12777
Edwin Diaz,Mets,0,0,4,5,0,3.2,12.27,2.45,0,0.25,100.00%,37.50%,0.00%,0,1.1,3.04,0.2,14710
Robert Gsellman,Mets,0,0,0,5,0,5,9,0,0,0.5,70.00%,33.30%,0.00%,5.4,1.61,3.39,0.2,13696
Brandon Workman,Red Sox,0,0,0,5,0,5,12.6,1.8,0,0,100.00%,25.00%,0.00%,0,0.81,2.59,0.2,11428
Caleb Ferguson,Dodgers,0,0,0,6,0,5,10.8,1.8,0,0.333,100.00%,25.00%,0.00%,0,1.81,3.23,0.2,19349
Ryan Pressly,Astros,1,0,0,4,0,4.1,8.31,0,0,0.182,100.00%,63.60%,0.00%,0,1.16,1.57,0.2,7005
Will Smith,Giants,0,0,3,3,0,3,12,3,0,0.167,100.00%,33.30%,0.00%,0,1.34,3.12,0.2,8048
Kyle Crick,Pirates,0,0,0,2,0,2,13.5,0,0,0,100.00%,0.00%,0.00%,0,0.01,2.68,0.1,13182
Hansel Robles,Angels,1,0,0,6,0,5.2,15.88,1.59,1.59,0.333,87.00%,33.30%,12.50%,3.18,2.3,2.53,0.1,11801
Francisco Liriano,Pirates,1,0,0,4,0,4,11.25,4.5,0,0,100.00%,75.00%,0.00%,0,2.01,2.9,0.1,3201
Adam Cimber,Indians,1,0,0,6,0,3.1,10.8,0,0,0.125,0.00%,71.40%,0.00%,0,0.61,1.14,0.1,15288
Kelvin Herrera,White Sox,0,0,0,5,0,5,7.2,0,0,0.267,75.00%,40.00%,0.00%,1.8,1.41,3.91,0.1,6033
Ryan Brasier,Red Sox,0,0,2,5,0,5,7.2,1.8,0,0.231,100.00%,38.50%,0.00%,0,2.61,4.39,0.1,5615
Robert Stephenson,Reds,0,0,0,3,0,5.1,11.81,1.69,0,0.25,50.00%,27.30%,0.00%,1.69,0.94,2.95,0.1,13594
Javy Guerra,Blue Jays,0,0,0,5,0,5.2,12.71,3.18,0,0.182,80.00%,36.40%,0.00%,1.59,1.77,2.72,0.1,7407
Thomas Pannone,Blue Jays,0,1,0,2,0,5,9,1.8,0,0.308,83.30%,23.10%,0.00%,1.8,2.21,5.06,0.1,17281
Anthony Swarzak,Mariners,0,0,1,2,0,1.2,10.8,0,0,0,100.00%,66.70%,0.00%,0,0.61,0.61,0.1,7466
Trevor Gott,Giants,1,0,0,4,0,5.2,11.12,3.18,0,0.308,83.30%,38.50%,0.00%,1.59,1.59,2.85,0.1,15046
Mychal Givens,Orioles,0,0,0,4,0,4.2,11.57,5.79,0,0.385,66.70%,69.20%,0.00%,5.79,3.01,4.15,0.1,10430
Robbie Erlin,Padres,0,0,0,3,0,5.1,8.44,1.69,0,0.444,44.40%,47.10%,0.00%,6.75,1.69,2.7,0.1,10354
Luis Cessa,Yankees,0,0,0,2,0,5.1,10.13,3.38,0,0.214,60.00%,71.40%,0.00%,1.69,1.88,2.88,0.1,13345
Justin Anderson,Angels,2,0,0,5,0,5.2,7.94,4.76,0,0.143,100.00%,42.90%,0.00%,0,2.83,3.77,0.1,16201
Buck Farmer,Tigers,1,0,0,3,0,2.2,13.5,3.38,0,0,100.00%,50.00%,0.00%,0,1.13,2.47,0.1,14814
Jose Leclerc,Rangers,1,0,2,4,0,4.1,4.15,2.08,0,0.091,100.00%,60.00%,0.00%,0,2.77,4.42,0.1,14524
Scott Alexander,Dodgers,1,0,0,6,0,3.1,10.8,2.7,0,0.25,66.70%,62.50%,0.00%,2.7,1.51,2.04,0.1,10591
Joakim Soria,Athletics,0,1,0,7,0,6,7.5,3,0,0.429,58.30%,23.80%,0.00%,7.5,2.84,5.81,0.1,6941
Kyle Barraclough,Nationals,0,0,0,6,0,5,7.2,5.4,0,0.333,87.50%,26.70%,0.00%,1.8,3.21,5.71,0.1,13713
Hunter Wood,Rays,0,0,1,1,0,3,9,0,0,0.375,100.00%,28.60%,0.00%,0,1.01,3.39,0.1,15091
Chris Devenski,Astros,0,0,0,2,0,3,12,0,0,0.444,75.00%,25.00%,0.00%,3,0.34,2.72,0.1,12763
Blake Parker,Twins,0,1,2,4,0,3.1,2.7,5.4,0,0.1,66.70%,50.00%,0.00%,2.7,4.21,6.88,0.1,5224
David Hernandez,Reds,0,1,1,5,0,3.2,2.45,7.36,0,0.421,72.70%,29.40%,0.00%,7.36,4.91,8.32,0.1,4259
Harrison Musgrave,Rockies,0,0,0,4,0,3.2,12.27,7.36,0,0.222,60.00%,0.00%,0.00%,4.91,2.73,6.14,0.1,16532
Luke Bard,Angels,0,0,0,3,0,4,9,2.25,0,0.3,75.00%,10.00%,0.00%,2.25,1.76,4.88,0.1,14288
Noe Ramirez,Angels,0,0,0,3,0,4,13.5,2.25,0,0.25,100.00%,50.00%,0.00%,0,0.76,2.09,0.1,12800
Ian Kennedy,Royals,0,0,1,4,0,4,4.5,0,0,0.333,80.00%,46.70%,0.00%,2.25,2.01,4.68,0.1,6986
Aaron Loup,Padres,0,0,0,4,0,3.1,13.5,2.7,0,0.286,100.00%,57.10%,0.00%,0,1.81,2.34,0.1,10343
Daniel Stumpf,Tigers,1,0,0,2,0,1.1,13.5,0,0,0.667,100.00%,0.00%,0.00%,0,0.01,1.34,0.1,13780
Pedro Baez,Dodgers,0,0,0,6,0,8,5.63,2.25,1.13,0.136,43.50%,34.80%,7.70%,2.25,4.13,5.41,0.1,5420
Seth Lugo,Mets,0,0,0,5,0,4.2,15.43,5.79,0,0.533,30.80%,40.00%,0.00%,9.64,2.79,5.09,0.1,12447
Cody Allen,Angels,0,0,2,4,0,4,4.5,2.25,0,0,100.00%,20.00%,0.00%,0,2.76,5.88,0.1,12183
Ryne Stanek,Rays,0,0,0,2,0,3,6,3,0,0,100.00%,16.70%,0.00%,0,2.67,5.05,0.1,15947
Will Harris,Astros,0,0,0,4,0,3.1,10.8,2.7,0,0.286,100.00%,71.40%,0.00%,0,1.51,1.51,0.1,3192
Sergio Romo,Marlins,1,0,1,4,0,3,6,3,0,0.3,0.00%,20.00%,0.00%,12,2.67,5.65,0.1,9817
Yoshihisa Hirano,Diamondbacks,0,1,0,4,0,3,15,9,0,0.636,50.00%,50.00%,0.00%,9,2.67,3.27,0.1,19756
Dan Otero,Indians,0,0,0,3,0,4.1,6.23,0,0,0.4,100.00%,46.70%,0.00%,0,1.62,3.27,0.1,7385
Austin Brice,Marlins,0,0,0,3,0,5,7.2,3.6,0,0.2,60.00%,53.30%,0.00%,0,2.61,4.03,0.1,17237
Jesse Biddle,Braves,0,0,0,5,0,5.2,7.94,0,1.59,0.353,89.30%,44.40%,14.30%,3.18,3.53,3.45,0.1,11437
Jake McGee,Rockies,0,0,0,2,0,2.1,11.57,0,0,0.333,100.00%,16.70%,0.00%,0,0.43,2.73,0.1,7550
Brandon Kintzler,Cubs,0,0,0,5,0,5.2,12.71,0,1.59,0.273,55.60%,58.30%,100.00%,4.76,3.01,1.03,0.1,9939
Colten Brewer,Red Sox,0,1,0,4,0,4.1,14.54,8.31,0,0.364,87.50%,54.50%,0.00%,2.08,2.54,3.78,0.1,12997
Joe Biagini,Blue Jays,0,1,0,5,0,4.2,13.5,1.93,1.93,0.125,100.00%,33.30%,33.30%,1.93,3.43,1.8,0.1,13194
Nick Vincent,Giants,0,1,0,5,0,6.1,5.68,2.84,0,0.391,75.00%,34.80%,0.00%,4.26,3.16,5.42,0.1,7555
Tyler Olson,Indians,0,0,0,3,0,3,9,3,0,0.143,100.00%,42.90%,0.00%,0,2.01,3.2,0.1,14741
Wilmer Font,Rays,0,0,0,3,0,3,3,3,0,0.364,60.00%,45.50%,0.00%,6,3.34,6.31,0.1,5257
Wander Suero,Nationals,0,0,0,5,0,3,12,6,0,0.429,20.00%,28.60%,0.00%,12,2.34,3.53,0.1,15855
Tony Watson,Giants,0,0,0,4,0,3.2,0,0,0,0.333,80.00%,60.00%,0.00%,2.45,3.01,4.47,0.1,3132
Edubray Ramos,Phillies,0,0,0,2,0,2.2,6.75,3.38,0,0.429,100.00%,14.30%,0.00%,0,2.63,5.98,0.1,16086
Joe Musgrove,Pirates,0,0,0,1,0,2,4.5,0,0,0,100.00%,80.00%,0.00%,0,2.01,2.01,0.1,12970
Ryne Harper,Twins,0,0,0,3,0,2.2,10.13,6.75,0,0.167,100.00%,66.70%,0.00%,0,3.01,3.67,0.1,12680
Travis Bergen,Giants,1,0,0,5,0,2.1,3.86,0,0,0.25,50.00%,37.50%,0.00%,3.86,2.15,4.44,0.1,18581
Framber Valdez,Astros,0,1,0,2,0,3,9,3,0,0.444,60.00%,50.00%,0.00%,6,2.01,3.2,0.1,17295
Tayron Guerrero,Marlins,0,0,0,5,0,4.2,9.64,3.86,0,0.182,100.00%,36.40%,0.00%,0,2.79,5.09,0.1,11691
Reed Garrett,Tigers,0,0,0,2,0,2.1,11.57,0,0,0.2,100.00%,40.00%,0.00%,0,0.43,2.73,0.1,16866
Ryan Buchter,Athletics,0,1,0,8,0,3.2,14.73,7.36,0,0.545,70.00%,20.00%,0.00%,7.36,3.01,4.47,0.1,9456
Wes Parsons,Braves,1,1,0,6,0,5.1,10.13,1.69,1.69,0.1,62.50%,54.50%,25.00%,3.38,3.76,2.66,0,14764
Archie Bradley,Diamondbacks,0,0,0,4,0,4.2,7.71,7.71,0,0.286,100.00%,46.20%,0.00%,0,3.86,5.39,0,12918
Mark Melancon,Giants,0,0,0,5,0,4.2,1.93,1.93,0,0.267,100.00%,60.00%,0.00%,0,3.22,4.75,0,4264
Wade Davis,Rockies,1,0,0,3,0,2.2,16.88,10.13,0,0.25,100.00%,50.00%,0.00%,0,2.63,3.3,0,7441
Carson Fulmer,White Sox,0,0,0,1,0,3,9,6,0,0.333,80.00%,77.80%,0.00%,3,3.01,4.2,0,18311
Pedro Strop,Cubs,0,1,0,4,0,3,6,3,0,0.333,50.00%,77.80%,0.00%,6,2.67,3.27,0,4070
Trevor May,Twins,1,0,0,4,0,4,0,0,0,0.267,100.00%,46.70%,0.00%,0,3.01,5.24,0,6398
Pat Neshek,Phillies,0,0,1,6,0,5.2,6.35,0,1.59,0.25,100.00%,41.20%,16.70%,1.59,3.89,3.48,0,4682
Hector Neris,Phillies,0,0,1,5,0,4.2,9.64,0,1.93,0.1,0.00%,54.50%,20.00%,3.86,3.65,2.78,0,11804
Jake Diekman,Royals,0,0,0,5,0,4.1,8.31,2.08,0,0.25,57.10%,25.00%,0.00%,6.23,3.93,6.4,0,5003
Tony Sipp,Nationals,0,1,0,6,0,2.1,11.57,3.86,0,0.556,42.90%,55.60%,0.00%,15.43,3.01,3.77,0,8280
Jon Duplantier,Diamondbacks,0,0,1,2,0,4,6.75,4.5,0,0.2,100.00%,60.00%,0.00%,0,3.01,4.34,0,19546
Adalberto Mejia,Twins,0,0,0,4,0,5,9,7.2,0,0.25,57.10%,25.00%,0.00%,5.4,3.41,5.91,0,13188
Brad Wieck,Padres,0,0,0,1,0,1,18,0,0,0,100.00%,50.00%,0.00%,0,2.01,3.79,0,16390
Juan Nicasio,Phillies,0,0,0,3,0,3,9,6,0,0.286,100.00%,71.40%,0.00%,0,3.01,3.6,0,7731
D.J. Johnson,Rockies,0,0,0,6,0,5.1,3.38,5.06,0,0.316,55.60%,42.10%,0.00%,6.75,3.94,5.28,0,12578
John Means,Orioles,1,0,0,3,0,5.2,14.29,3.18,1.59,0.333,100.00%,46.20%,20.00%,1.59,3.71,2.99,0,16269
Jeffrey Springs,Rangers,1,0,0,4,0,7,9,7.71,0,0.176,88.90%,17.60%,0.00%,1.29,3.58,5.87,0,17677
Adam Kolarek,Rays,0,0,0,6,0,3.1,8.1,2.7,0,0.385,100.00%,61.50%,0.00%,0,3.01,3.54,0,10843
Adam Conley,Marlins,0,2,1,5,0,3.1,8.1,8.1,0,0.429,80.00%,46.20%,0.00%,5.4,4.81,5.88,0,14457
Alex Claudio,Brewers,0,0,0,6,0,4.1,2.08,4.15,0,0.25,83.30%,71.40%,0.00%,2.08,3.93,4.75,0,12890
Zack Britton,Yankees,0,0,0,5,0,4.2,5.79,5.79,0,0.313,75.00%,68.80%,0.00%,3.86,3.65,4.41,0,3240
Vince Velasquez,Phillies,0,0,0,1,0,1,18,0,0,0,100.00%,100.00%,0.00%,0,-0.99,-0.99,0,11189
Martin Perez,Twins,1,0,0,2,0,6.1,11.37,9.95,0,0.421,66.70%,36.80%,0.00%,5.68,3.79,5.49,0,6902
Connor Sadzeck,Mariners,0,0,0,2,0,3,9,3,0,0.143,100.00%,28.60%,0.00%,0,2.01,3.79,0,13483
Randy Rosario,Cubs,0,0,0,5,0,5,12.6,3.6,1.8,0.4,52.60%,50.00%,50.00%,7.2,4.01,2.12,0,14508
Tim Mayza,Blue Jays,0,0,0,6,0,5,12.6,9,0,0.182,42.90%,60.00%,0.00%,5.4,3.21,3.92,0,15042
Kyle Ryan,Cubs,0,0,0,2,0,2,9,4.5,0,0.429,50.00%,57.10%,0.00%,9,2.51,2.51,0,11753
Cam Bedrosian,Angels,0,0,0,4,0,4.1,12.46,4.15,0,0.333,71.40%,55.60%,0.00%,4.15,3.01,3.83,0,13360
Shane Bieber,Indians,0,0,0,1,0,2,9,0,0,0.4,66.70%,20.00%,0.00%,4.5,2.51,3.4,0,19427
Tyler Kinley,Marlins,0,0,0,6,0,6.2,10.8,2.7,1.35,0.214,100.00%,46.70%,25.00%,1.35,3.91,3.03,0,18297
Sam Gaviglio,Blue Jays,0,0,0,4,0,7,10.29,2.57,1.29,0.188,87.00%,41.20%,11.10%,1.29,3.43,3.87,0,12778
Luke Jackson,Braves,1,0,0,5,0,5.2,11.12,3.18,1.59,0.357,60.60%,80.00%,50.00%,6.35,3.89,2.22,0,11752
Trey Wingenter,Padres,0,0,0,5,0,4.1,12.46,2.08,2.08,0.364,87.00%,16.70%,16.70%,4.15,3.93,3.4,0,17793
Robert Stock,Padres,1,0,0,5,0,5,14.4,5.4,1.8,0.417,52.60%,61.50%,20.00%,9,4.21,3.39,0,6576
Yoan Lopez,Diamondbacks,0,0,0,5,0,4.2,1.93,5.79,0,0.143,100.00%,57.10%,0.00%,0,4.51,5.65,0,17181
Liam Hendriks,Athletics,0,0,0,7,0,7.1,4.91,6.14,0,0.25,90.00%,50.00%,0.00%,1.23,3.96,5.42,0,3548
Mike Dunn,Rockies,0,0,0,5,0,2.2,6.75,10.13,0,0.333,66.70%,37.50%,0.00%,6.75,4.88,7.56,0,9948
Jared Hughes,Reds,0,0,0,5,0,3.2,2.45,4.91,0,0.385,71.40%,33.30%,0.00%,4.91,4.1,5.07,0,9325
Steve Cishek,Cubs,0,1,0,5,0,3.2,9.82,9.82,0,0.25,50.00%,87.50%,0.00%,7.36,4.1,4.58,0,6483
Matt Wisler,Padres,1,0,0,1,0,2,4.5,4.5,0,0.286,100.00%,50.00%,0.00%,0,3.51,5.29,0,12804
Wandy Peralta,Reds,0,0,0,4,0,3.2,2.45,4.91,0,0.2,100.00%,40.00%,0.00%,0,4.1,5.07,0,14295
David Hess,Orioles,0,0,0,1,0,2,9,9,0,0.25,100.00%,0.00%,0.00%,0,4.01,6.68,0,16130
Mike Mayers,Cardinals,0,0,0,4,0,5.2,6.35,3.18,1.59,0.235,100.00%,27.80%,11.10%,1.59,5.48,6.02,0,15451
Marcus Walden,Red Sox,1,0,0,1,0,2,4.5,4.5,0,0.167,100.00%,66.70%,0.00%,0,3.51,4.4,0,8004
Dennis Santana,Dodgers,0,0,0,1,0,2.2,6.75,3.38,0,0.25,75.00%,37.50%,0.00%,3.38,3.76,5.76,0,17878
Reyes Moronta,Giants,0,2,0,4,0,4.2,13.5,3.86,1.93,0.364,71.40%,41.70%,20.00%,5.79,4.08,3.2,0,14966
Russell Martin,Dodgers,0,0,0,1,0,1,0,0,0,0,100.00%,66.70%,0.00%,0,3.01,4.79,0,4616
Nick Kingham,Pirates,1,0,0,3,0,4.1,10.38,2.08,2.08,0.3,83.30%,27.30%,16.70%,4.15,4.39,3.86,0,11694
Alex Colome,White Sox,0,0,2,4,0,4,11.25,0,2.25,0,100.00%,37.50%,25.00%,2.25,3.76,2.29,0,6661
Tyler Thornburg,Red Sox,0,0,0,4,0,4,11.25,2.25,2.25,0.222,76.90%,10.00%,16.70%,4.5,4.51,3.93,0,10688
Shawn Kelley,Rangers,2,0,0,5,0,5,7.2,0,1.8,0.25,100.00%,38.50%,16.70%,1.8,4.01,3.55,0,7773
Josh Tomlin,Braves,0,0,0,1,0,0.1,0,0,0,0.667,50.00%,33.30%,0.00%,27,3.01,8.36,0,9388
Blaine Hardy,Tigers,1,0,0,3,0,4.2,7.71,1.93,1.93,0.167,38.50%,53.80%,20.00%,5.79,4.72,3.85,0,6499
Hector Velazquez,Red Sox,0,0,0,3,0,5.2,6.35,0,1.59,0.368,65.80%,50.00%,14.30%,4.76,4.42,4.33,0,19341
Matt Albers,Brewers,0,0,0,3,0,4,11.25,2.25,2.25,0.3,83.30%,30.00%,25.00%,4.5,4.51,3.04,0,4300
Trevor Rosenthal,Nationals,0,1,0,4,0,0,0,36,0,1,22.20%,25.00%,0.00%,63,18.01,18.01,0,10745
Alex Wilson,Brewers,1,0,1,5,0,5,12.6,5.4,1.8,0.385,39.50%,35.70%,25.00%,10.8,4.61,3.43,0,9239
Fernando Rodney,Athletics,0,1,0,7,0,6,7.5,7.5,0,0.545,52.90%,72.70%,0.00%,12,3.84,5.03,0,494
Chris Ellis,Royals,0,0,0,1,0,1,0,9,0,0.25,100.00%,25.00%,0.00%,0,6.01,7.79,0,16125
Zach Duke,Reds,1,1,0,5,0,2.1,3.86,7.71,0,0.25,25.00%,37.50%,0.00%,11.57,4.72,7.02,0,3840
Elvis Luciano,Blue Jays,0,0,0,2,0,3,9,9,0,0.333,66.70%,22.20%,0.00%,6,4.01,6.39,0,20632
Drew Steckenrider,Marlins,0,1,0,5,0,5,9,1.8,1.8,0.167,27.80%,38.50%,14.30%,7.2,4.81,4.71,0,18806
Neil Ramirez,Indians,0,0,0,4,0,4,13.5,2.25,2.25,0.25,0.00%,22.20%,16.70%,6.75,4.01,3.43,0,7677
Yency Almonte,Rockies,0,0,0,1,0,1.2,5.4,10.8,0,0.167,0.00%,0.00%,0.00%,10.8,5.41,8.62,0,15068
Matt Grace,Nationals,0,0,0,6,0,3.1,13.5,2.7,2.7,0.583,52.60%,38.50%,33.30%,13.5,4.81,2.51,0,11449
Heath Hembree,Red Sox,0,0,0,4,0,5.1,10.13,3.38,1.69,0.333,79.00%,36.80%,12.50%,3.38,4.32,4.56,0,11632
Nathan Karns,Orioles,0,0,0,2,0,1.1,0,0,0,0.429,100.00%,85.70%,0.00%,0,5.26,5.26,0,12638
Dominic Leone,Cardinals,0,0,0,5,0,5.2,7.94,4.76,1.59,0.071,83.30%,33.30%,11.10%,3.18,5.12,5.66,0,13763
Brad Brach,Cubs,1,0,0,5,0,6,7.5,10.5,0,0.214,90.00%,57.10%,0.00%,1.5,4.84,5.73,0,6627
Nate Jones,White Sox,0,0,0,5,0,4,15.75,4.5,2.25,0.444,71.40%,30.00%,25.00%,6.75,4.26,2.79,0,4696
Carlos Estevez,Rockies,0,0,0,3,0,5,12.6,0,3.6,0.417,71.40%,42.90%,40.00%,7.2,5.41,1.99,0,14542
Chasen Bradford,Mariners,0,0,1,5,0,6.1,7.11,2.84,1.42,0.316,79.00%,55.00%,20.00%,4.26,4.43,3.78,0,12452
John Gant,Cardinals,2,0,1,6,0,8,5.63,5.63,1.13,0.118,100.00%,50.00%,16.70%,1.13,5.26,4.97,0,13684
Tommy Kahnle,Yankees,0,0,0,2,0,2.2,10.13,13.5,0,0,100.00%,100.00%,0.00%,0,5.26,5.26,0,11384
Seunghwan Oh,Rockies,0,0,0,3,0,3,6,3,3,0.3,100.00%,36.40%,16.70%,3,7.01,6.24,0,18719
Phil Maton,Padres,0,0,0,3,0,4,4.5,2.25,2.25,0.286,87.00%,40.00%,20.00%,4.5,6.01,4.99,0,18064
Joe Jimenez,Tigers,1,0,0,6,0,6,9,3,1.5,0.357,79.00%,33.30%,50.00%,4.5,4.67,3.1,0,15761
Chad Green,Yankees,0,1,0,4,0,4.1,6.23,0,2.08,0.154,76.90%,64.30%,25.00%,4.15,5.31,3.96,0,15552
Jacob Barnes,Brewers,1,0,0,3,0,3,6,0,3,0.273,38.50%,66.70%,50.00%,9,6.01,2.86,0,12323
Kyle Dowdy,Rangers,0,0,0,2,0,4,9,4.5,2.25,0.25,43.50%,61.50%,33.30%,6.75,5.76,3.84,0,19285
Oliver Perez,Indians,0,0,0,4,0,2.1,7.71,7.71,0,0.375,66.70%,37.50%,0.00%,7.71,5.15,7.44,0,1514
Brad Boxberger,Royals,0,1,1,5,0,4.1,16.62,6.23,2.08,0.375,53.60%,22.20%,20.00%,8.31,4.39,3.45,0,10133
Max Fried,Braves,0,0,0,2,0,1.2,0,10.8,0,0,100.00%,60.00%,0.00%,0,6.61,6.61,0,13743
Wei-Yin Chen,Marlins,0,0,0,2,0,2,9,13.5,0,0.429,85.70%,42.90%,0.00%,4.5,7.01,9.68,0,13071
Dylan Covey,White Sox,0,1,0,2,0,1.1,0,13.5,0,0.25,50.00%,37.50%,0.00%,6.75,7.51,10.18,0,14825
Ryan Yarbrough,Rays,1,1,0,2,0,7.1,6.14,1.23,1.23,0.273,52.60%,36.40%,12.50%,6.14,4.23,4.41,0,16502
Chris Martin,Rangers,0,0,0,3,0,3,9,3,3,0.5,87.00%,44.40%,33.30%,6,6.34,3.79,-0.1,11847
Manny Banuelos,White Sox,0,0,0,2,0,4,9,4.5,2.25,0.417,75.80%,38.50%,25.00%,6.75,5.76,4.29,-0.1,5365
Scott Oberg,Rockies,0,0,0,3,0,4.2,7.71,5.79,1.93,0.167,100.00%,46.20%,20.00%,1.93,6.01,5.13,-0.1,13911
Arodys Vizcaino,Braves,1,0,1,4,0,4,13.5,6.75,2.25,0.286,100.00%,12.50%,16.70%,2.25,5.51,4.93,-0.1,5498
Ryan Burr,White Sox,1,0,0,5,0,4.2,5.79,3.86,1.93,0.154,27.80%,50.00%,16.70%,7.71,5.79,5.3,-0.1,17536
Jeremy Hellickson,Nationals,0,0,0,1,0,2,0,0,4.5,0.25,62.50%,33.30%,16.70%,9,9.51,8.36,-0.1,4371
Tim Peterson,Mets,0,0,0,4,0,4,4.5,13.5,0,0.308,80.00%,23.10%,0.00%,4.5,6.51,9.18,-0.1,13946
Raisel Iglesias,Reds,0,2,0,3,0,4.2,7.71,5.79,1.93,0.357,79.00%,33.30%,20.00%,5.79,6.01,5.13,-0.1,17130
Justin Wilson,Mets,1,1,1,5,0,5.2,7.94,1.59,1.59,0.154,87.00%,41.70%,20.00%,1.59,5.12,4.4,-0.1,4301
Dan Altavilla,Mariners,0,0,0,1,0,0.1,0,27,0,0.5,100.00%,100.00%,0.00%,0,12.01,12.01,-0.1,16507
Jimmy Yacabonis,Orioles,1,0,0,3,0,7.1,4.91,4.91,1.23,0.304,94.30%,45.80%,11.10%,2.45,5.32,5.74,-0.1,15157
Adrian Sampson,Rangers,0,1,0,2,0,9.2,4.66,3.72,0.93,0.25,94.80%,48.30%,10.00%,1.86,4.87,5.37,-0.1,13339
Tyler Chatwood,Cubs,0,0,0,3,0,5,9,7.2,1.8,0.286,65.80%,53.30%,50.00%,7.2,6.01,4.12,-0.1,4338
Paul Fry,Orioles,0,0,1,4,0,5.2,6.35,3.18,1.59,0.154,100.00%,57.10%,25.00%,1.59,4.95,3.91,-0.1,15832
Richard Bleier,Orioles,0,0,1,3,0,3,6,0,3,0.364,55.60%,8.30%,25.00%,9,6.01,4.05,-0.1,7803
Eduardo Nunez,Red Sox,0,0,0,1,0,1,0,0,9,0,100.00%,25.00%,33.30%,9,16.01,8.36,-0.1,6848
Bryan Shaw,Rockies,0,0,0,6,0,6.1,2.84,5.68,1.42,0.167,92.10%,52.60%,16.70%,1.42,6.79,6.43,-0.1,8110
Seranthony Dominguez,Phillies,1,0,0,4,0,3.1,13.5,5.4,2.7,0.25,21.70%,66.70%,33.30%,10.8,6.61,4.31,-0.1,19249
Luis Avilan,Mets,0,0,0,3,0,2.1,7.71,7.71,3.86,0.444,30.30%,30.00%,25.00%,23.14,10.72,8.21,-0.1,2882
Chase Anderson,Brewers,1,0,0,3,0,6,12,6,3,0.231,80.70%,33.30%,25.00%,6,6.67,4.72,-0.1,6895
Allen Webster,Cubs,0,0,0,2,0,1.2,10.8,5.4,5.4,0,100.00%,50.00%,50.00%,5.4,10.21,4.55,-0.1,3993
Dakota Hudson,Cardinals,0,0,1,1,0,0.2,0,13.5,0,0,100.00%,50.00%,0.00%,0,7.51,10.18,-0.1,19206
Hector Rondon,Astros,0,0,0,4,0,4,9,2.25,2.25,0.25,100.00%,55.60%,33.30%,2.25,5.76,3.84,-0.1,2391
Taylor Williams,Brewers,0,1,0,4,0,4.1,8.31,6.23,2.08,0.357,58.10%,53.30%,50.00%,10.38,6.93,4.75,-0.1,14899
Pedro Araujo,Orioles,0,0,0,1,0,0.2,0,13.5,13.5,0.5,62.50%,66.70%,100.00%,27,27.01,10.18,-0.1,17697
Kyle Zimmer,Royals,0,1,0,3,0,2,9,22.5,0,0.333,71.40%,33.30%,0.00%,9,8.51,9.4,-0.1,14169
Yusmeiro Petit,Athletics,0,0,0,5,0,5.1,1.69,1.69,1.69,0.118,76.90%,22.20%,11.10%,3.38,5.63,6.21,-0.1,4020
Jose Ruiz,White Sox,0,0,0,2,0,0.2,13.5,0,13.5,0.8,65.20%,33.30%,100.00%,40.5,24.01,7.18,-0.1,14552
Joe Ross,Nationals,0,0,0,1,0,0.1,0,27,27,0,0.00%,0.00%,50.00%,81,60.01,31.72,-0.1,12972
Joshua James,Astros,0,0,0,5,0,8,12.38,4.5,2.25,0.143,96.20%,31.30%,25.00%,3.38,5.01,3.54,-0.1,16794
Jeanmar Gomez,Rangers,0,0,0,4,0,2.2,6.75,6.75,3.38,0.444,89.30%,40.00%,25.00%,6.75,8.63,6.43,-0.1,9033
Jose Alvarez,Phillies,0,0,0,3,0,1.1,6.75,6.75,6.75,0.25,62.50%,40.00%,50.00%,13.5,13.51,6.43,-0.1,5358
Matt Wotherspoon,Orioles,0,0,0,1,0,2,0,4.5,4.5,0.375,55.60%,22.20%,50.00%,13.5,11.01,6.29,-0.1,16452
Scott Barlow,Royals,0,0,0,2,0,3,12,6,3,0.444,90.90%,40.00%,33.30%,6,7.67,5.12,-0.1,14993
Stephen Tarpley,Yankees,0,0,0,2,0,1.2,16.2,10.8,5.4,0.5,83.30%,60.00%,100.00%,10.8,10.81,4.08,-0.1,15859
Hanser Alberto,Orioles,0,0,0,1,0,1,0,18,9,0,76.90%,25.00%,33.30%,18,25.01,17.36,-0.1,11902
Caleb Frare,White Sox,0,0,0,3,0,2.1,11.57,7.71,3.86,0,62.50%,40.00%,50.00%,7.71,8.58,4.54,-0.1,14353
Brock Stewart,Dodgers,0,0,0,3,0,4,6.75,4.5,4.5,0.5,36.60%,43.80%,25.00%,18,9.51,6.58,-0.1,16727
Taylor Rogers,Twins,0,0,1,5,0,5.2,6.35,3.18,1.59,0.333,100.00%,50.00%,16.70%,1.59,5.48,5.07,-0.1,13449
Ryan Dull,Athletics,0,0,0,1,0,0.2,13.5,13.5,13.5,0.5,0.00%,33.30%,100.00%,40.5,24.01,7.18,-0.1,13974
Michael Lorenzen,Reds,0,0,0,4,0,4,6.75,6.75,2.25,0.385,92.10%,35.70%,16.70%,4.5,7.01,6.43,-0.1,14843
Victor Alcantara,Tigers,2,0,0,3,0,2.2,10.13,3.38,3.38,0.167,100.00%,28.60%,25.00%,3.38,7.88,5.68,-0.1,15028
David Robertson,Phillies,0,1,0,6,0,4.2,7.71,9.64,1.93,0.438,77.60%,41.20%,20.00%,7.71,7.29,6.42,-0.1,8241
John Ryan Murphy,Diamondbacks,0,0,0,1,0,2,0,13.5,9,0.5,48.80%,7.10%,28.60%,31.5,20.51,13.75,-0.1,10346
Chaz Roe,Rays,0,1,0,6,0,4.1,8.31,4.15,2.08,0.182,100.00%,45.50%,25.00%,2.08,5.54,4.19,-0.1,9866
Chad Sobotka,Braves,0,0,0,5,0,4.2,9.64,3.86,3.86,0.3,71.40%,58.30%,50.00%,7.71,7.72,3.68,-0.1,17470
Dan Straily,Orioles,0,0,0,1,0,1.1,0,13.5,13.5,0.429,47.60%,22.20%,33.30%,33.75,27.01,15.54,-0.1,9460
Cory Gearrin,Mariners,0,1,0,6,0,4.1,8.31,14.54,0,0.25,54.60%,41.70%,0.00%,10.38,6.7,8.76,-0.1,7947
Hunter Strickland,Mariners,0,1,2,3,0,2.1,11.57,0,3.86,0.2,0.00%,16.70%,25.00%,11.57,7.29,4.78,-0.1,7836
Steven Brault,Pirates,0,1,0,2,0,4.2,7.71,7.71,1.93,0.308,58.10%,46.20%,25.00%,9.64,7.29,6.04,-0.1,15291
Matthew Festa,Mariners,0,0,0,5,0,6.1,5.68,7.11,1.42,0.222,81.40%,42.10%,14.30%,4.26,6.16,6.08,-0.2,19330
Kyle Bird,Rangers,0,0,0,3,0,3,6,12,3,0.222,90.90%,40.00%,20.00%,6,11.01,9.65,-0.2,16618
Jace Fry,White Sox,0,0,0,4,0,3.2,7.36,9.82,2.45,0.2,35.70%,40.00%,20.00%,12.27,8.19,7.08,-0.2,16159
Joe Kelly,Dodgers,1,2,0,5,0,6,7.5,3,3,0.455,44.60%,58.30%,66.70%,13.5,6.67,3.23,-0.2,9761
Matt Andriese,Diamondbacks,1,0,0,2,0,4.1,6.23,8.31,2.08,0.1,89.30%,54.50%,100.00%,4.15,8.08,5.49,-0.2,12022
Andrew Chafin,Diamondbacks,0,0,0,4,0,2.2,10.13,10.13,3.38,0.429,89.30%,25.00%,50.00%,6.75,9.01,5.47,-0.2,12988
A.J. Minter,Braves,0,1,1,3,0,2,4.5,9,4.5,0.286,83.30%,25.00%,20.00%,9,11.51,9.47,-0.2,18655
Jeurys Familia,Mets,2,0,0,5,0,5,14.4,5.4,3.6,0.2,96.20%,41.70%,33.30%,5.4,7.41,4.35,-0.2,5114
Jonny Venters,Braves,0,0,0,3,0,1.1,6.75,13.5,6.75,0.5,83.30%,80.00%,100.00%,13.5,15.76,7.34,-0.2,7175
Jon Edwards,Indians,2,0,0,4,0,3,9,9,3,0.25,100.00%,33.30%,33.30%,3,9.34,6.79,-0.2,1483
Luis Garcia,Angels,0,1,0,5,0,5,3.6,5.4,1.8,0.25,100.00%,58.80%,20.00%,1.8,7.81,6.99,-0.2,6984
Brian Johnson,Red Sox,1,0,0,4,0,5.2,11.12,4.76,4.76,0.412,56.80%,30.00%,27.30%,12.71,9.01,5.59,-0.2,14272
Mike Montgomery,Cubs,0,0,0,4,0,2.2,6.75,3.38,6.75,0.5,48.40%,23.10%,66.70%,16.88,12.38,4.64,-0.2,4869
Justin Miller,Nationals,0,0,0,6,0,5.1,10.13,1.69,5.06,0.308,100.00%,25.00%,42.90%,5.06,8.63,3.66,-0.2,8580
Jesse Chavez,Rangers,0,0,0,5,0,4.1,8.31,4.15,4.15,0.5,54.40%,50.00%,66.70%,14.54,8.54,3.78,-0.2,5448
Keone Kela,Pirates,0,0,0,5,0,4.1,12.46,4.15,4.15,0.125,90.90%,40.00%,40.00%,6.23,7.62,3.68,-0.2,14696
Daniel Hudson,Blue Jays,0,1,0,5,0,4.1,10.38,2.08,4.15,0.333,57.70%,28.60%,25.00%,10.38,8.08,5.38,-0.2,7146
Yimi Garcia,Dodgers,0,1,0,6,0,4.2,9.64,7.71,5.79,0.308,58.80%,25.00%,30.00%,13.5,11.79,7.26,-0.2,12095
Junior Guerra,Brewers,0,0,0,4,0,6,4.5,4.5,3,0.063,100.00%,11.80%,18.20%,3,7.84,6.78,-0.2,5702
Daniel Norris,Tigers,0,0,0,2,0,5.1,3.38,5.06,3.38,0.176,96.20%,38.90%,20.00%,5.06,8.82,7.29,-0.2,13475
Shane Carle,Braves,0,0,0,3,0,3.2,4.91,12.27,4.91,0.1,69.40%,33.30%,40.00%,12.27,14.73,10.08,-0.2,15258
Tim Hill,Royals,0,0,0,5,0,2,0,13.5,0,0.375,75.00%,42.90%,0.00%,9,10.51,13.18,-0.2,16814
Richard Rodriguez,Pirates,0,0,1,5,0,4,9,4.5,4.5,0.1,62.50%,41.70%,40.00%,6.75,9.76,5.49,-0.3,13549
Alex Reyes,Cardinals,0,1,0,4,0,3,3,18,3,0.111,45.50%,30.00%,20.00%,15,12.67,11.31,-0.3,15015
Nick Rumbelow,Mariners,0,0,1,3,0,1.1,13.5,6.75,13.5,0.25,0.00%,16.70%,66.70%,27,21.76,6.27,-0.3,14867
Adam Warren,Padres,1,0,0,3,0,5,9,5.4,5.4,0.25,100.00%,40.00%,60.00%,7.2,10.61,4.59,-0.3,9029
Zac Rosscup,Mariners,1,0,0,6,0,3.2,12.27,17.18,2.45,0.273,72.90%,58.30%,50.00%,2.45,9.55,6.98,-0.3,9419
Wily Peralta,Royals,0,1,0,4,0,3,6,12,3,0.25,35.70%,33.30%,25.00%,15,10.01,8.05,-0.4,7738
Matt Koch,Diamondbacks,0,0,0,3,0,7.1,1.23,2.45,7.36,0.333,43.10%,33.30%,33.30%,18.41,15.01,8.75,-0.4,13420
Carl Edwards Jr.,Cubs,0,1,0,4,0,1.2,10.8,27,10.8,0.25,38.50%,16.70%,50.00%,32.4,25.21,13.89,-0.4,13607
Kevin McCarthy,Royals,0,1,0,6,0,3.2,0,9.82,2.45,0.5,51.50%,31.60%,33.30%,19.64,10.64,8.56,-0.4,15240
Mike Wright Jr.,Orioles,0,1,1,5,0,4.1,10.38,8.31,6.23,0.533,59.30%,33.30%,33.30%,18.69,13.16,7.87,-0.4,12586
Miguel Castro,Orioles,0,1,1,4,0,5.1,6.75,3.38,5.06,0.143,71.40%,47.10%,37.50%,8.44,9.94,5.31,-0.4,15684
Andrew Miller,Cardinals,0,1,0,6,0,3.2,4.91,9.82,7.36,0.2,73.50%,38.50%,42.90%,9.82,17.46,10.23,-0.6,6785